"Field Name","IQ Field","Type","Beg","Size","End","Description","Validated","Required","Default Value","Notes"
"Item-ID","$$Object{id}","Text",1,15,15,"Inventory Item ID","Yes","Yes",,"No duplicates."
"Item-Desc","$Object->name()","Text",16,254,269,"Item Description",,,,
"Item-Type","'ChargeOnly'","Text",270,14,283,"Item Type","Yes","Yes",,"Inventory, Expense, Charge Only or Finished Goods"
"Dept-ID",,"Text",284,3,286,"Material or OSP Department ID","Yes","Yes",,
"Category-ID",,"Text",287,3,289,"Category ID","Yes","Yes*",,"Required if system option is activated, validated."
"Owned-by","'Company'","Text",290,8,297,"Owned By","Yes","Yes",,"Company, Customer or Supplier"
"Cust-ID","$$Object{owner_id}","Text",298,8,305,"Customer ID ","Yes","Yes*",,"Required if owned by Customer and/or Finished Goods type.  Do not enter an ID if the item type is Charge Only or Expense."
"Cust-Item-ID",,"Text",306,30,335,"Customer Item ID",,,,"Optional for Customer Owned items only"
"Supplier-ID","$Object->supplier_id() ? $Object->supplier_id() : 'Unknown'","Text",336,8,343,"Supplier ID","Yes","Yes*",,"Required if owned by Supplier, otherwise optional."
"Supplier-Item-ID",,"Text",344,24,367,"Supplier Item ID",,,,"Optional for Supplier Owned items only"
"Warehouse-ID",,"Text",368,3,370,"Default Warehouse ID",,,,
"Bin-Location",,"Text",371,10,380,"Default Bin Location",,,,
"Unit-Of-Measure-Purchase","$Object->Unit_Of_Measure_Purchase()","Text",381,4,384,"Purchasing Unit of Measure","Yes","Yes*",,"Required if Item type = Inventory, Expense or Finished Goods."
"Unit-Of-Measure-Costing","$Object->Unit_Of_Measure_Costing()","Text",385,4,388,"Costing Unit of Measure","Yes","Yes*",,"Required if Item type = Inventory, Charge Only or Finished Goods.  Must equal Purchasing U/M if Convert is set to No (0)."
"Convert-Flag",,"Text",389,1,389,"Flag - Conversion Required",,,"No (0)","0=No, 1=Yes (Set to Yes if purch & costing U/M are different.)"
"M-Weight",,"Text",390,9,398,"M Weight",,"Yes*",,"Used for items purchased by CWT & costed by M."
"Conversion-Factor",,"Text",399,12,410,"Conversion Factor",,"Yes*",,"M Weight or Factor are required if Conversion Flag is set to Yes.  Both Factor and M-Weight cannot have a factor if Convert Flag is set to Yes (1)."
"GL-Account",,"Text",411,38,448,"G/L Account","Yes",,,"Optional for Expense item types only."
"Record-Active",,"Text",449,1,449,"Flag - Record Active",,,"Yes (1)","0=No, 1=Yes"
"Require-Lot-Count",,"Text",450,1,450,"Flag - Require Lot Count",,,"No (0)","0=No, 1=Yes"
"Direct-Post-Job-Receipts",,"Text",451,1,451,"Flag - Direct Post Job Receipts",,,"No (0)","0=No, 1=Yes"
"Require-Work-Center",,"Text",452,1,452,"Flag - Require Work Center",,,"No (0)","0=No, 1=Yes"
"Roll-Stock",0,"Text",453,1,453,"Flag - Roll Stock",,,"No (0)","0=No, 1=Yes"
"Allow-Matl-Trans",,"Text",454,1,454,"Flag - Allow Material Transactions",,"Yes*","No (0)","0=No, 1=Yes (Required if used as a Planner item)"
"Allow-FG-Orders-Flag",,"Text",455,1,455,"Flag - Allow FG Orders",,,"No (0)","0=No, 1=Yes  Finished Goods item types only"
"Taxable-Flag",,"Text",456,1,456,"Flag - Taxable Item",,,"No (0)","0=No, 1=Yes  Finished Goods item types only"
"Track-By-Warehouse-Flag",,"Text",457,1,457,"Flag - Track by Warehouse",,,"No (0)","0=No, 1=Yes"
"Track-By-Bin-Flag",,"Text",458,1,458,"Flag - Track by Bin Location",,,"No (0)","0=No, 1=Yes"
"Track-By-Lot-Flag",,"Text",459,1,459,"Flag - Track by Lot",,,"No (0)","0=No, 1=Yes"
"Track-By-Tag-Flag",,"Text",460,1,460,"Flag - Track by Tag",,,"No (0)","0=No, 1=Yes"
"Track-By-Receipt-Flag",,"Text",461,1,461,"Flag - Track by Receipt",,,"No (0)","0=No, 1=Yes"
"Track-By-FG-Job-Flag",,"Text",462,1,462,"Flag - Track by FG Job",,,"No (0)","0=No, 1=Yes  Finished Goods item types only"
"Track-By-Package-Flag",,"Text",463,1,463,"Flag - Track by Package",,,"No (0)","0=No, 1=Yes  Finished Goods item types only"
"Track-By-Carton-Flag",,"Text",464,1,464,"Flag - Track by Carton",,,"No (0)","0=No, 1=Yes  Finished Goods item types only"
"Track-By-Skid-Flag",,"Text",465,1,465,"Flag - Track by Skid",,,"No (0)","0=No, 1=Yes  Finished Goods item types only"
"Kit-Type",,"Text",466,12,477,"Kit Type",,"Yes*",,"N/A, Pre-build, or Unassembled.  Required for Finished Goods item types."
"Sales-Class",,"Text",478,8,485,"Sales Class","Yes","Yes*",,"Required for Finished Goods item types."
"Print-Default-Warehouse",,"Text",486,1,486,"Print Default Warehouse",,,"No (0)","0=No, 1=Yes Finished Goods item types only"
"Print-Default-Bin",,"Text",487,1,487,"Print Default Bin",,,"No (0)","0=No, 1=Yes Finished Goods item types only"
"Print-Receipt-Detail",,"Text",488,1,488,"Print Receipt Detail",,,"No (0)","0=No, 1=Yes Finished Goods item types only"
"Qty-Per-Package",,"Text",489,10,498,"Quantity per Package",,,,"Finished Goods item types only"
"Qty-Per-Carton",,"Text",499,10,508,"Quantity per Carton",,,,"Finished Goods item types only"
"Qty-Per-Skid",,"Text",509,10,518,"Quantity per Skid",,,,"Finished Goods item types only"
"Allow-Partial-Pkg-Flag",,"Text",519,1,519,"Flag - Allow Partial Packages",,,"Yes (1)","0=No, 1=Yes  Finished Goods item types only"
"Allow-Partial-Ctn-Flag",,"Text",520,1,520,"Flag - Allow Partial Cartons",,,"Yes (1)","0=No, 1=Yes  Finished Goods item types only"
"Allow-Partial-Skid-Flag",,"Text",521,1,521,"Flag - Allow Partial Skids",,,"Yes (1)","0=No, 1=Yes  Finished Goods item types only"
"Default-PO-Unit-Cost","my %p = $Object->get_price( 1 ); return $p{Cost};","Text",522,16,537,"Default PO Unit Cost",,,,"Maximum 4 decimal places; Format = ZZ,ZZZ,ZZZ,ZZ9.9999"
"Standard-Unit-Cost","my %p = $Object->get_price( 1 ); return $p{Cost};","Text",538,16,553,"Standard Unit Cost",,,,"Maximum 4 decimal places; Format = ZZ,ZZZ,ZZZ,ZZ9.9999"
"Standard-Cost-Flag",,"Text",554,1,554,"Flag - Use Standard Unit Cost",,,"No (0)","0=No, 1=Yes"
"OH-Fixed-%",,"Text",555,7,561,"Fixed Overhead %",,,,
"OH-Fixed-Cost-Per-Unit",,"Text",562,16,577,"Fixed Overhead Cost Per Unit",,,,
"OH-Variable-%",,"Text",578,7,584,"Variable Overhead %",,,,
"OH-Variable-Cost-Per-Unit",,"Text",585,16,600,"Variable Overhead Cost Per Unit",,,,
"Min-Level-Costing","$Object->minimum_order();","Text",601,16,616,"Minimum Level Costing",,,,"Format = >,>>>,>>>,>>9.9999"
"Max-Level-Costing",,"Text",617,16,632,"Maximum Level Costing",,,,"Format = >,>>>,>>>,>>9.9999"
"Reorder-Qty-Costing",,"Text",633,15,647,"Reorder Quantity Costing",,,,"Format = >,>>>,>>>,>>9.9999"
"Quantity-Break-1",0,"Text",648,11,658,"Quantity Break 1",,,,"1st Quantity Break should be 0 (zero)"
"Quantity-Break-2",,"Text",659,11,669,"Quantity Break 2",,,,"Finished Goods only; Format = ->,>>>,>>>,>>9 **"
"Quantity-Break-3",,"Text",670,11,680,"Quantity Break 3",,,,"Finished Goods only; Format = ->,>>>,>>>,>>9"
"Quantity-Break-4",,"Text",681,11,691,"Quantity Break 4",,,,"Finished Goods only; Format = ->,>>>,>>>,>>9"
"Quantity-Break-5",,"Text",692,11,702,"Quantity Break 5",,,,"Finished Goods only; Format = ->,>>>,>>>,>>9"
"Quantity-Break-6",,"Text",703,11,713,"Quantity Break 6",,,,"Finished Goods only; Format = ->,>>>,>>>,>>9"
"Quantity-Break-7",,"Text",714,11,724,"Quantity Break 7",,,,"Finished Goods only; Format = ->,>>>,>>>,>>9"
"Quantity-Break-8",,"Text",725,11,735,"Quantity Break 8",,,,"Finished Goods only; Format = ->,>>>,>>>,>>9"
"Quantity-Break-9",,"Text",736,11,746,"Quantity Break 9",,,,"Finished Goods only; Format = ->,>>>,>>>,>>9"
"Quantity-Break-10",,"Text",747,11,757,"Quantity Break 10",,,,"Finished Goods only; Format = ->,>>>,>>>,>>9"
"Unit-Price-1",,"Text",758,16,773,"Unit Price Break 1",,,,"Finished Goods only; Format = ZZ,ZZZ,ZZZ,ZZ9.9999"
"Unit-Price-2",,"Text",774,16,789,"Unit Price Break 2",,,,"Finished Goods only; Format = ZZ,ZZZ,ZZZ,ZZ9.9999"
"Unit-Price-3",,"Text",790,16,805,"Unit Price Break 3",,,,"Finished Goods only; Format = ZZ,ZZZ,ZZZ,ZZ9.9999"
"Unit-Price-4",,"Text",806,16,821,"Unit Price Break 4",,,,"Finished Goods only; Format = ZZ,ZZZ,ZZZ,ZZ9.9999"
"Unit-Price-5",,"Text",822,16,837,"Unit Price Break 5",,,,"Finished Goods only; Format = ZZ,ZZZ,ZZZ,ZZ9.9999"
"Unit-Price-6",,"Text",838,16,853,"Unit Price Break 6",,,,"Finished Goods only; Format = ZZ,ZZZ,ZZZ,ZZ9.9999"
"Unit-Price-7",,"Text",854,16,869,"Unit Price Break 7",,,,"Finished Goods only; Format = ZZ,ZZZ,ZZZ,ZZ9.9999"
"Unit-Price-8",,"Text",870,16,885,"Unit Price Break 8",,,,"Finished Goods only; Format = ZZ,ZZZ,ZZZ,ZZ9.9999"
"Unit-Price-9",,"Text",886,16,901,"Unit Price Break 9",,,,"Finished Goods only; Format = ZZ,ZZZ,ZZZ,ZZ9.9999"
"Unit-Price-10",,"Text",902,16,917,"Unit Price Break 10",,,,"Finished Goods only; Format = ZZ,ZZZ,ZZZ,ZZ9.9999"
"Price-Items-By",,"Text",918,1,918,"Price FG Items By ",,,1,"1=Price Table, 2=Job Price; FG Items only"
"Material-Type","'Paper'","Text",919,30,948,"Material Type","Yes",,"Other","Other, Binder, Bindery Glue, Bindery Wire, Book Making, Clear Poly Film, Corrugated, Die, Envelope, Film, Finishing, Foil, Form, Ink, Kraft Wrap, Label, Laminate, Package/Carton, Packing Material, Paper, Plate, Printed Poly Film, Proof, Shrink Wrap Film, Skid, String, Tape, Toner, or Tube"
"Manufacturer","$Object->manufacturer()","Text",949,30,978,"Manufacturer",,,,
"Size-ID",,"Text",979,12,990,"Size ID","Yes",,,"If not blank, Width and Length will be populated from the associated Size record"
"Width","$Object->width()","Text",991,19,1009,"Width",,,,"Format = >,>>>,>>>,>>9.99999999"
"Length","$Object->height()","Text",1010,19,1028,"Length",,,,"Format = >,>>>,>>>,>>9.99999999"
"Type",,"Text",1029,30,1058,"Type",,,,
"Material-Color","$Object->specification('colour')","Text",1059,30,1088,"Color",,,,
"Finish","$Object->specification('finish')","Text",1089,30,1118,"Finish",,,,
"Brand-ID","$Object->specification('brand')","Text",1119,5,1123,"Brand ID","Yes",,,"Only applicable if Material Type is Paper"
"Basis-Weight",,"Text",1124,19,1142,"Basis Weight",,,,"Format = >,>>>,>>>,>>9.99999999"
"Sheet-Stock",0,"Text",1143,1,1143,"Flag - Sheet Stock",,,"No (0)","0=No, 1=Yes"
"Gauge",,"Text",1144,19,1162,"Gauge",,,,"Format = >,>>>,>>>,>>9.99999999"
"Caliper","$Object->calliper()","Text",1163,19,1181,"Caliper",,,,"Format = >,>>>,>>>,>>9.99999999"
"Max-Height",,"Text",1182,19,1200,"Maximum Height",,"Yes*",,"Format = >,>>>,>>>,>>9.99999999; Requried if Material-Type = Package/Carton"
"Max-Weight",,"Text",1201,19,1219,"Maximum Weight",,"Yes*",,"Format = >,>>>,>>>,>>9.99999999; Requried if Material-Type = Package/Carton"
"Tare-Weight",,"Text",1220,19,1238,"Tare Weight",,"Yes*",,"Format = >,>>>,>>>,>>9.99999999; Requried if Material-Type = Package/Carton"
"Spine",,"Text",1239,19,1257,"Spine",,,,"Format = >,>>>,>>>,>>9.99999999"
"Number-Of-Parts",,"Text",1258,9,1266,"Number of Parts",,,,"Format = >>>,>>>,>>9"
"Number-Across",,"Text",1267,9,1275,"Number Across",,,,"Format = >>>,>>>,>>9"
"Number-Back",,"Text",1276,9,1284,"Number Back",,,,"Format = >>>,>>>,>>9"
"Gap-Across",,"Text",1285,19,1303,"Gap Across",,,,"Format = >,>>>,>>>,>>9.99999999"
"Gap-Back",,"Text",1304,19,1322,"Gap Back",,,,"Format = >,>>>,>>>,>>9.99999999"
"Dimension-Across",,"Text",1323,6,1328,"Dimension Across","Yes",,,"Length, Width or Blank"
"Envelope-Window",,"Text",1329,1,1329,"Flag - Window",,,"No (0)","0=No, 1=Yes"
"Width-2",,"Text",1330,19,1348,"Window Width / Inside Width",,,,"Format = >,>>>,>>>,>>9.99999999"
"Length-2",,"Text",1349,19,1367,"Window Length / Inside Length",,,,"Format = >,>>>,>>>,>>9.99999999"
"Height-2",,"Text",1368,19,1386,"Inside Height",,,,"Format = >,>>>,>>>,>>9.99999999"
"Flute-Size",,"Text",1387,30,1416,"Flute Size",,,,
"Window-Material",,"Text",1417,30,1446,"Window Material",,,,
"Window-Position-Left",,"Text",1447,19,1465,"Window Position Left",,,,"Format = >,>>>,>>>,>>9.99999999"
"Window-Position-Bottom",,"Text",1466,19,1484,"Window Position Bottom",,,,"Format = >,>>>,>>>,>>9.99999999"
"Security",,"Text",1485,1,1485,"Flag - Security",,,"No (0)","0=No, 1=Yes"
"Usable-Sides",,"Text",1486,1,1486,"Usable Sides",,,,
"Maximum-Impressions",,"Text",1487,9,1495,"Maximum Impressions",,,,"Format = >>>,>>>,>>9"
"Varnish",,"Text",1496,1,1496,"Flag - Varnish",,,"No (0)","0=No, 1=Yes"
"Coating",,"Text",1497,1,1497,"Flag - Coating",,,"No (0)","0=No, 1=Yes"
"Opacity",,"Text",1498,19,1516,"Opacity",,,,"Format = >,>>>,>>>,>>9.99999999"
"Grain-Direction",,"Text",1517,14,1530,"Grain Direction","Yes",,"Length","Not Applicable, Width, or Length"
"Qty-Sheets-Per-Carton",,"Text",1531,9,1539,"Quantity of Sheets per Carton",,,,"Format = >>>,>>>,>>9"
"Qty-Sheets-Per-Skid",,"Text",1540,9,1548,"Quantity of Sheets per Skid",,,,"Format = >>>,>>>,>>9"
"Core-Weight",,"Text",1549,19,1567,"Core Weight",,,,"Format = >,>>>,>>>,>>9.99999999"
"Core-Included-In-Gross",,"Text",1568,1,1568,"Flag - Core Included in Gross",,,"No (0)","0=No, 1=Yes"
"Wrapper-Weight",,"Text",1569,19,1587,"Wrapper Weight",,,,"Format = >,>>>,>>>,>>9.99999999"
"Wrappe-rIncluded-In-Gross",,"Text",1588,1,1588,"Flag - Wrapper Included in Gross",,,"No (0)","0=No, 1=Yes"
"Prograph-Item",,"Text",1589,1,1589,"Flag - Planner Item"," "," ","No (0)","0=No, 1=Yes"
"Prograph-Cost-Source",,"Text",1590,22,1611,"Planner Cost Source","Yes","Yes*",,"Required if the Planner Item flag is set to 1 (Yes). Last Receipt, Standard Costing, Default Purchase Order"
"Prograph-Create-Reserves",,"Text",1612,1,1612,"Flag - Planner Create Reserves",,,"No (0)","0=No, 1=Yes"
"Prograph-Create-Requisitions",,"Text",1613,1,1613,"Flag - Planner Create Requisitions",,,"No (0)","0=No, 1=Yes"
"PSF-Item-Name",,"Text",1614,40,1653,"PSF Item Name",,,"Item Desc","FG Items only & if using PSF"
"PSF-Item-Short-Desc",,"Text",1654,120,1773,"PSF Item Short Description",,,"Item Desc","FG Items only & if using PSF"
"PSF-Min-Order-Quantity",,"Text",1774,10,1783,"PSF Minimum Order Quantity","Yes",,,"FG Items only & if using PSF; Format = ->,>>>,>>9**; must be less than maximum quantity"
"PSF-Max-Order-Quantity",,"Text",1784,10,1793,"PSF Maximum Order Quantity","Yes",,,"FG Items only & if using PSF; Format = ->,>>>,>>9**; must be greater than minimum quantity"
"On-Demand",,"Text",1794,1,1794,"Flag - On Demand Item",,,"No","0=No, 1=Yes; FG Items only & if using PSF"
"Allow-Back-Order",,"Text",1795,1,1795,"Flag - Allow Back Orders",,,"Yes","0=No, 1=Yes; FG Items only & if using PSF"
"Upload-Files-In-PSF",,"Text",1796,1,1796,"Flag - Upload Files in PSF",,,"No","0=No, 1=Yes; FG Items only & if using PSF"
"Upload-File-Required",,"Text",1797,1,1797,"Flag - Upload File Required",,,"No","0=No, 1=Yes; FG Items only & if using PSF"
"Upload-File-Label",,"Text",1798,30,1827,"Upload File Label",,,,"FG Items only & if using PSF"
"Item-Size",,"Text",1828,25,1852,"Item Size",,,,
"Item-Color",,"Text",1853,25,1877,"Item Color",,,,
"Item-Style",,"Text",1878,25,1902,"Item Style",,,,
"Immediate-Needs-Eligible",,"Text",1903,1,1903,"Flag - Immediate Needs Eligible",,,"No","0=No, 1=Yes; Only if using ILS for FG"
"Lot-Controlled",,"Text",1904,1,1904,"Flag - Lot Controlled",,,"No","0=No, 1=Yes; Only if using ILS for FG"
"ForestTypeID",,"Text",1905,15,1919,"Forest Type ID","Yes","Yes*",,"Required if Job Option for Forest Certified = Required"
"Fulfillment-Item-ID",,"Text",1920,40,"No line","PrintStream Fulfillment Item ID",,,,"Available only when PrintStream module is enabled"
